country,gdp_per_twh
Canada,25.642903102801434
China,25.324813154334816
Australia,25.16043581769453
"South Africa",25.032851088298415
India,25.017103977734944
Usa,24.772720156431863
Germany,24.75855439771232
Brazil,24.668689936843162
